created_at,favorite_count,retweet_count,id_str,location,followers_count,friends_count,listed_count,favourites_count,verified,statuses_count,label
Thu Sep 14 14:12:33 +0000 2017,81,40,45577446,"New York, NY",444457,1137,11393,1180,True,61928,2
Mon Apr 30 17:39:44 +0000 2012,0,0,35469468,"Portland, Oregon",2078,299,200,0,False,6696,2
Wed Jan 25 22:24:34 +0000 2017,0,0,721279920,Charlotte NC,594,1344,21,454,False,1093,2
Wed Nov 01 20:14:58 +0000 2017,30,16,40116885,"New York, NY",143632,672,3179,919,True,20921,2
Tue May 30 16:18:24 +0000 2017,0,0,15782832,"Fairfax County, Virginia",1190,2450,44,1086,False,1885,2
Tue Oct 24 16:05:30 +0000 2017,1,1,7228682,New York,77508,146,2367,26,True,45880,2
Wed Sep 06 18:35:22 +0000 2017,0,19,1433331763,Washington DC,1449,178,82,150,False,1902,2
Wed Nov 01 17:52:12 +0000 2017,22,23,2568461,"Iowa City, IA",18042,3751,938,6516,True,20985,2
Mon Oct 30 14:23:07 +0000 2017,0,43,2568461,"Iowa City, IA",18042,3751,938,6516,True,20985,2
Mon Mar 20 01:47:58 +0000 2017,0,0,83661777,South Florida,439,765,18,431,False,1434,2
Tue Jul 25 21:34:38 +0000 2017,161,52,22523087,"Nashville, Tennessee",18580,588,841,526,True,2346,2
Sun Sep 24 21:22:04 +0000 2017,0,25,14929834,New York,7439,1516,858,747,False,16415,2
Fri Oct 27 19:24:34 +0000 2017,0,68,121574367,"Washington, D.C.",86553,2008,659,12315,True,12513,2
Sat Feb 11 18:45:55 +0000 2017,1069,176,14790966,"Nashville, Tennessee",4687598,37,15439,156,True,1578,2
Fri Jan 21 18:05:42 +0000 2011,0,0,16345832,Washington DC,246,157,16,12,False,183,2
Sat Jun 11 23:18:46 +0000 2011,0,0,18539707,"Seattle, WA",151,241,5,1,False,519,2
Tue Nov 16 00:38:11 +0000 2010,0,0,211261049,"Portland, OR",55,255,3,46,False,142,2
Thu Oct 26 18:57:46 +0000 2017,2,1,20268270,"Minneapolis, MN",45744,17,1356,1,True,3659,2
Thu Nov 02 03:20:30 +0000 2017,0,0,251502918,Peoria Illinois,48736,48880,58,22745,False,184364,2
Thu Oct 26 19:51:50 +0000 2017,2,0,251502918,Peoria Illinois,48736,48880,58,22745,False,184364,2
Wed Oct 18 05:27:29 +0000 2017,0,76194,251502918,Peoria Illinois,48736,48880,58,22745,False,184364,2
Thu Oct 05 05:04:54 +0000 2017,0,22414,251502918,Peoria Illinois,48736,48880,58,22745,False,184364,2
Wed Nov 01 22:00:42 +0000 2017,0,0,570266167,"Washington, DC",140313,133546,2369,16077,False,11452,2
Thu Oct 05 16:42:08 +0000 2017,33,4,25629634,"Manhattan, NY",10578,468,122,7648,True,8406,2
Fri Sep 15 03:14:17 +0000 2017,14,0,25629634,"Manhattan, NY",10578,468,122,7648,True,8406,2
Fri Aug 04 18:36:19 +0000 2017,0,76,19206876,"Washington, DC",17807,1166,656,35,False,2295,2
Wed Jan 25 03:29:05 +0000 2017,0,33,794015766,North Carolina,1403,1670,96,1705,False,1475,2
Thu Jun 02 17:20:22 +0000 2016,1,0,702633590668922880,"Washington, DC",212,282,9,373,False,240,2
Fri Oct 27 16:43:56 +0000 2017,6,0,3316189983,"Hollywood, CA",781,1021,14,906,False,669,2
Wed Oct 11 14:34:16 +0000 2017,4,0,3316189983,"Hollywood, CA",781,1021,14,906,False,669,2
Fri Oct 06 16:32:09 +0000 2017,4,0,3316189983,"Hollywood, CA",781,1021,14,906,False,669,2
Tue Sep 26 17:56:48 +0000 2017,10,1,3316189983,"Hollywood, CA",781,1021,14,906,False,669,2
Wed Jul 12 16:59:34 +0000 2017,7,0,3316189983,"Hollywood, CA",781,1021,14,906,False,669,2
Mon Jul 10 16:50:09 +0000 2017,5,0,3316189983,"Hollywood, CA",781,1021,14,906,False,669,2
Mon Jul 03 16:48:46 +0000 2017,0,0,3316189983,"Hollywood, CA",781,1021,14,906,False,669,2
Thu Jun 01 16:54:48 +0000 2017,1,2,3316189983,"Hollywood, CA",781,1021,14,906,False,669,2
Mon May 08 16:09:12 +0000 2017,1,0,3316189983,"Hollywood, CA",781,1021,14,906,False,669,2
Mon Apr 24 15:59:06 +0000 2017,8,0,3316189983,"Hollywood, CA",781,1021,14,906,False,669,2
Wed Mar 22 16:48:21 +0000 2017,2,0,3316189983,"Hollywood, CA",781,1021,14,906,False,669,2
Tue Mar 14 16:25:58 +0000 2017,12,4,3316189983,"Hollywood, CA",781,1021,14,906,False,669,2
Fri Feb 03 17:26:47 +0000 2017,3,0,3316189983,"Hollywood, CA",781,1021,14,906,False,669,2
Mon Oct 24 16:34:17 +0000 2016,5,0,3316189983,"Hollywood, CA",781,1021,14,906,False,669,2
Tue Jan 21 08:28:05 +0000 2014,0,0,437775957,"Richmond, VA",7394,2718,71,14,False,5239,2
Mon Aug 21 16:30:24 +0000 2017,23,23,2432213029,"New York, NY",63337,75,1329,109,True,4318,2
Mon Jun 05 16:54:12 +0000 2017,2,0,19618954,"Palo Alto, CA",5903,739,146,7,False,2186,2
Fri Aug 18 19:47:02 +0000 2017,21,4,43704353,"New York, NY",5104,759,157,2173,True,4905,2
Thu Jul 27 11:12:40 +0000 2017,1,1,43704353,"New York, NY",5104,759,157,2173,True,4905,2
Tue Jul 11 16:00:33 +0000 2017,1,1,43704353,"New York, NY",5104,759,157,2173,True,4905,2
Tue Oct 24 12:54:49 +0000 2017,1,2,11178672,"Hudson Valley, NY, USA",81240,7854,4249,12665,True,41537,2
Thu Aug 31 02:35:01 +0000 2017,0,101298,1874000340,WA,383,424,0,1585,False,1497,2
Wed Aug 16 17:52:57 +0000 2017,0,1,1874000340,WA,383,424,0,1585,False,1497,2
Sat Apr 15 16:22:11 +0000 2017,0,1,1874000340,WA,383,424,0,1585,False,1497,2
Wed Apr 12 19:21:54 +0000 2017,12,1,1874000340,WA,383,424,0,1585,False,1497,2
Thu Nov 02 13:01:10 +0000 2017,0,105,197823320,"Las Vegas, NV",19955,1830,730,12392,False,815079,2
Thu Nov 02 12:59:31 +0000 2017,0,4330,197823320,"Las Vegas, NV",19955,1830,730,12392,False,815079,2
Thu Nov 02 12:58:53 +0000 2017,0,13,197823320,"Las Vegas, NV",19955,1830,730,12392,False,815079,2
Thu Nov 02 12:52:14 +0000 2017,0,683,197823320,"Las Vegas, NV",19955,1830,730,12392,False,815079,2
Thu Nov 02 12:47:21 +0000 2017,0,12,197823320,"Las Vegas, NV",19955,1830,730,12392,False,815079,2
Thu Nov 02 06:44:44 +0000 2017,4,0,197823320,"Las Vegas, NV",19955,1830,730,12392,False,815079,2
Fri Sep 29 21:34:12 +0000 2017,2803,237,39656682,"Los Angeles, CA",548059,909,2321,32006,True,34653,2
Wed Sep 13 02:18:36 +0000 2017,5357,574,39656682,"Los Angeles, CA",548059,909,2321,32006,True,34653,2
Sat Sep 16 21:57:45 +0000 2017,0,0,38310998,CHICAGO,1443,934,36,3868,False,4473,2
Thu Nov 02 11:00:15 +0000 2017,59,30,3108351,"New York, NY",15060430,1094,107253,1298,True,220395,2
Thu Oct 12 15:25:08 +0000 2017,0,0,118173606,Washington DC,4728,925,253,4122,True,21175,2
Tue May 16 13:45:19 +0000 2017,1,1,348658836,"New York, NY",5556,437,208,184,False,4329,2
Fri Oct 27 17:54:27 +0000 2017,0,22,233407954,"Washington, D.C.",1175,1166,61,1122,True,2894,2
Wed Nov 01 21:25:01 +0000 2017,22,20,167518667,New York,93747,1611,2491,6052,True,54296,2
Thu Nov 02 20:40:12 +0000 2017,9,9,19546277,"New York, NY",795477,1778,9953,2490,True,146602,2
Mon Mar 06 01:53:39 +0000 2017,0,854,2509007959,"Ludington, MI",436,320,1,5653,False,1766,2
Tue Oct 31 20:42:50 +0000 2017,750,46,18646108,"Washington, DC",1140199,6959,8378,2282,True,54328,2
Thu Oct 26 15:27:14 +0000 2017,0,9,95652758,"Washington, D.C.",9826,1757,323,4620,False,13171,2
Wed Oct 18 01:11:27 +0000 2017,81,4,354004333,"Columbus, OH",62731,846,313,8879,True,226,2
Fri Oct 27 15:24:47 +0000 2017,39,0,16123235,"Portland, OR",7392,342,275,18163,False,24173,2
Fri Oct 27 15:22:42 +0000 2017,33,0,16123235,"Portland, OR",7392,342,275,18163,False,24173,2
Tue Oct 17 01:02:44 +0000 2017,0,0,3116156888,"Wisconsin, USA",484,1384,37,5283,False,10799,2
Tue Oct 24 16:59:56 +0000 2017,3,1,145773567,"Brooklyn, NY",14822,430,402,54502,False,397,2
Tue Oct 17 22:25:56 +0000 2017,0,0,142315243,"New York, NY",3466,3209,104,1163,False,15512,2
Fri Sep 08 22:29:06 +0000 2017,0,36,21918310,"Washington, DC",259932,332,3665,1551,True,10996,2
Tue Oct 24 01:05:46 +0000 2017,3,0,47848003,"Washington, DC",14707,2710,505,4271,True,11922,2
Thu Oct 19 02:48:56 +0000 2017,8,0,18582812,"Palo Alto, CA",14163,809,435,451,True,6539,2
Tue Jun 13 04:46:02 +0000 2017,16,2,18582812,"Palo Alto, CA",14163,809,435,451,True,6539,2
Mon Oct 30 14:08:57 +0000 2017,122,43,218975278,Washington DC,110084,702,3005,16632,True,64718,2
Tue Oct 31 01:44:13 +0000 2017,0,1116,739973665631047680,"Beverly Grove, CA",6520,6300,54,1586,False,3150,2
Mon Oct 30 01:36:10 +0000 2017,0,295,178612775,New York,13770,1057,242,59,True,18290,2
Sat Oct 28 10:10:51 +0000 2017,0,109,731167584,"Los Angeles, CA",38194,1766,1244,52,False,14136,2
Tue Oct 17 18:31:48 +0000 2017,3,1,227660675,"New York, NY",48011,892,1346,2683,True,14333,2
Wed Oct 04 21:06:45 +0000 2017,14,1,227660675,"New York, NY",48011,892,1346,2683,True,14333,2
Tue May 24 18:02:54 +0000 2016,3,0,14130084,"New York, NY",4030,847,334,685,False,1319,2
Tue Oct 24 14:58:01 +0000 2017,0,0,423667118,Washington D.C.,656,474,24,184,False,1360,2
Sat Jun 10 22:41:07 +0000 2017,0,0,423667118,Washington D.C.,656,474,24,184,False,1360,2
Wed May 06 15:13:34 +0000 2015,0,4,19926698,"Columbus, NC",1172,1973,32,3,False,693,2
Mon Sep 25 12:30:07 +0000 2017,0,284,216549433,"Washington, D.C.",1341,1459,85,665,True,6613,2
Sat Mar 11 15:46:02 +0000 2017,0,1,278299653,"Maryland, USA",1127,890,0,5823,False,24681,2
Mon Oct 23 23:58:49 +0000 2017,0,45140,588551910,"Portland, OR",80,174,4,1959,False,634,2
Tue Aug 29 23:34:58 +0000 2017,0,904,588551910,"Portland, OR",80,174,4,1959,False,634,2
Fri Aug 18 18:25:50 +0000 2017,0,0,588551910,"Portland, OR",80,174,4,1959,False,634,2
Fri Oct 20 11:14:33 +0000 2017,3,0,90216414,"New York, NY",16762,3451,320,1570,True,23753,2
Wed Oct 18 23:09:05 +0000 2017,0,1,90216414,"New York, NY",16762,3451,320,1570,True,23753,2
Fri Aug 04 03:53:53 +0000 2017,0,0,1127353603,"Marquette, MI",377,236,1,7356,False,3244,2
Tue May 02 07:45:30 +0000 2017,0,33630,47519455,NYC,338,1452,10,594,False,1098,2
Sun Mar 26 14:51:16 +0000 2017,0,13,47519455,NYC,338,1452,10,594,False,1098,2
Sun Aug 30 16:44:59 +0000 2015,0,0,9155732,New York,3847,1089,178,2164,False,2164,2
Fri Aug 25 00:07:06 +0000 2017,0,0,120187926,NYC - Westchester ,1984,5001,81,206,False,15415,2
Tue Oct 17 04:39:21 +0000 2017,0,48500,19960016,"Portland, OR ",55,362,2,774,False,528,2
Tue Mar 14 05:05:31 +0000 2017,0,205,19960016,"Portland, OR ",55,362,2,774,False,528,2
Thu Aug 20 01:03:50 +0000 2015,0,0,71173827,"New York, NY",1272,406,20,197,False,5972,2
Tue Aug 08 10:30:36 +0000 2017,257,37,17461978,TOUT-SHAQ. INSTAGRAM-SHAQ,14803807,688,48566,67,True,8924,2
Tue Aug 01 20:30:05 +0000 2017,359,75,17461978,TOUT-SHAQ. INSTAGRAM-SHAQ,14803807,688,48566,67,True,8924,2
Thu Jul 20 19:18:04 +0000 2017,166,51,17461978,TOUT-SHAQ. INSTAGRAM-SHAQ,14803807,688,48566,67,True,8924,2
Tue Oct 10 16:15:04 +0000 2017,2,0,78896398,New York area,28963,379,663,200,True,13428,2
Fri Oct 20 11:24:01 +0000 2017,10,11,17086475,"New York, New York",38595,6129,1607,901,True,27105,2
Thu Aug 31 05:21:02 +0000 2017,1,0,14585720," Portland, OR",813,177,75,0,False,16779,2
Mon Aug 28 02:59:50 +0000 2017,3,0,14585720," Portland, OR",813,177,75,0,False,16779,2
Wed Jun 24 04:03:27 +0000 2015,0,14,24335159,"Los Angeles, CA",890,1774,73,855,False,1546,2
Sun Apr 19 23:09:59 +0000 2015,0,1,24335159,"Los Angeles, CA",890,1774,73,855,False,1546,2
Sat Mar 25 04:27:49 +0000 2017,0,132,533452328,"Los Angeles, CA",300,603,4,13196,False,401,2
Thu Dec 31 00:25:25 +0000 2015,1,0,533452328,"Los Angeles, CA",300,603,4,13196,False,401,2
Fri Oct 20 19:13:00 +0000 2017,1,0,941974044,DC via CA + MI,1554,614,56,1792,True,5814,2
Mon Oct 16 21:22:57 +0000 2017,0,0,941974044,DC via CA + MI,1554,614,56,1792,True,5814,2
Thu Oct 12 13:45:27 +0000 2017,0,68,941974044,DC via CA + MI,1554,614,56,1792,True,5814,2
Fri Oct 13 21:08:08 +0000 2017,0,19,111345390,"New York, Chicago, Bay Area",4136,1072,201,1016,False,5545,2
Thu Oct 12 21:08:10 +0000 2017,1,0,111345390,"New York, Chicago, Bay Area",4136,1072,201,1016,False,5545,2
Mon Aug 22 23:01:00 +0000 2016,3711,971,325830217,"Washington, D.C.",2710594,133,8862,11,True,3657,2
Thu Jul 17 16:15:48 +0000 2014,0,0,18948077,"Denver, CO",426,472,29,56,False,363,2
Thu Apr 10 15:25:02 +0000 2014,0,0,18948077,"Denver, CO",426,472,29,56,False,363,2
Thu Jul 25 14:43:57 +0000 2013,0,4,18948077,"Denver, CO",426,472,29,56,False,363,2
Fri Aug 18 06:13:49 +0000 2017,0,6123,1102124178,"Ludington, MI",317,108,0,11056,False,2665,2
Thu Oct 19 23:51:03 +0000 2017,1,3,300497193,"Washington, D.C.  ",17723,1337,762,56,True,39923,2
Wed Aug 30 18:27:50 +0000 2017,1,1,90714384,NYC/SF/LA/Philly/Boston & more,20964,1154,722,1330,True,6113,2
Thu Oct 26 22:01:09 +0000 2017,3,2,18243006,"New York, NY",49152,944,2198,7551,False,67999,2
Thu Nov 02 04:06:51 +0000 2017,0,8,74051281,"New York, NY, USA",56372,2343,1725,476,False,17904,2
Wed Nov 01 03:54:38 +0000 2017,0,21,74051281,"New York, NY, USA",56372,2343,1725,476,False,17904,2
Wed Mar 09 15:25:06 +0000 2016,1,0,555453339,"Washington, D.C.",2757,194,139,184,True,7559,2
Mon Mar 23 18:30:22 +0000 2015,0,2,400344850,"New York, NY",5260,7,147,1,False,170,2
Mon Sep 25 13:20:10 +0000 2017,1,1,18906069,"Cleveland, Ohio",15176,682,411,60,True,2648,2
Thu Jun 22 18:09:20 +0000 2017,0,1,18906069,"Cleveland, Ohio",15176,682,411,60,True,2648,2
Tue Aug 01 12:05:18 +0000 2017,0,9,2546261755,"Cambridge, Massachusetts, USA",3476,77,162,1425,False,2694,2
Tue Nov 18 03:41:04 +0000 2014,1,0,21057743,"Denver, Colorado",50718,46360,801,8,False,4632,2
Thu Sep 21 16:14:35 +0000 2017,0,1,87215923,"Cambridge, MA",3315,765,229,676,True,9913,2
Tue Sep 12 13:44:02 +0000 2017,0,4,87215923,"Cambridge, MA",3315,765,229,676,True,9913,2
Sun Oct 22 04:04:40 +0000 2017,0,5703,109099939,"Austin, TX",3814,167,123,132,False,2519,2
Mon Jul 31 19:50:22 +0000 2017,85,34,109099939,"Austin, TX",3814,167,123,132,False,2519,2
Mon Jul 31 19:48:50 +0000 2017,0,918,109099939,"Austin, TX",3814,167,123,132,False,2519,2
Thu Dec 29 01:30:38 +0000 2016,0,35,2486298920,"Broncos Country, CA",4696,364,11,2674,True,1302,2
Fri Oct 13 22:33:26 +0000 2017,0,3978,16129920,"New York, NY USA",8590999,2739,47076,0,True,6334,2
Thu Aug 02 01:02:15 +0000 2012,0,0,29941223,"Herriman, UT",1730,1054,103,10,False,2829,2
Fri Oct 20 15:23:39 +0000 2017,3,0,16112037,"Nashville, TN",98006,138,1567,185,True,22258,2
Tue Oct 17 14:33:20 +0000 2017,2,0,16112037,"Nashville, TN",98006,138,1567,185,True,22258,2
Mon Jan 24 17:22:36 +0000 2011,0,1,15169467,"Austin, TX",2223,2256,178,6,False,1837,2
Fri Oct 30 16:55:26 +0000 2015,0,8,264260435,"Minneapolis, MN",6316,178,191,0,True,554,2
Wed Aug 09 15:34:56 +0000 2017,1,2,374672240,Federal Reserve Bank of NY,35847,39,901,0,True,2202,2
Wed Oct 25 18:19:16 +0000 2017,0,13481,586,California and Montana ,1841358,1338,12950,258765,True,65804,2
Mon Oct 30 22:00:41 +0000 2017,56,17,14606079,"New York, NY",702467,296,15856,3598,True,49599,2
Sat Apr 08 05:10:39 +0000 2017,0,30,19224439,New York,438246,440,10829,8,True,12717,2
Mon Oct 30 20:49:50 +0000 2017,0,185,16002085,"Washington, DC",176583,2449,3011,1406,True,39922,2
Tue Oct 24 22:00:05 +0000 2017,0,0,422293154,"Englewood Cliffs, NJ",24545,505,852,1176,True,9020,2
Thu Oct 26 17:38:04 +0000 2017,444,132,14336662,"Portland, OR",76091,6393,1134,3220,False,7245,2
Sun Oct 22 15:15:46 +0000 2017,0,12,18587457,"Winston-Salem, NC, NYC",697574,1029,9215,116,True,26436,2
Sat Oct 21 14:13:55 +0000 2017,22,4,18587457,"Winston-Salem, NC, NYC",697574,1029,9215,116,True,26436,2
Mon Oct 16 13:22:25 +0000 2017,15,1,156016878,"Washington, DC",69358,1299,2259,4671,True,16779,2
Mon May 12 23:42:02 +0000 2014,0,144,33514869,"New York, NY ",1704406,22,9925,5,True,545,2
Thu Oct 31 00:56:49 +0000 2013,7,12,33514869,"New York, NY ",1704406,22,9925,5,True,545,2
Thu Dec 13 16:54:50 +0000 2012,16,22,33514869,"New York, NY ",1704406,22,9925,5,True,545,2
Sun Mar 04 19:44:00 +0000 2012,0,0,26682014,New York New York,499,293,5,1,False,3810,2
Wed Jan 11 00:59:39 +0000 2012,0,1,26682014,New York New York,499,293,5,1,False,3810,2
Tue Oct 17 14:43:03 +0000 2017,0,48500,318154870,"Maryland, USA",521,516,1,5396,False,19672,2
Tue Aug 22 18:32:09 +0000 2017,0,65,318154870,"Maryland, USA",521,516,1,5396,False,19672,2
Fri Jan 06 18:17:53 +0000 2012,0,0,26069698,"Pasadena, TX",54,41,0,1,False,249,2
Sun Oct 15 22:21:44 +0000 2017,2204,359,15485441,"New York, New York",49545379,7757,68034,49,True,10214,2
Tue Oct 31 01:00:51 +0000 2017,4,1,9677372,"San Francisco, CA",74762,3042,2524,5355,True,58472,2
Fri Oct 27 03:30:11 +0000 2017,2,0,9677372,"San Francisco, CA",74762,3042,2524,5355,True,58472,2
Wed Oct 18 16:21:37 +0000 2017,0,1,100564273,"Washington, D.C.",20216,882,712,2569,True,15308,2
Wed Oct 11 18:30:56 +0000 2017,5,2,100564273,"Washington, D.C.",20216,882,712,2569,True,15308,2
Wed Sep 20 22:05:01 +0000 2017,0,3,100564273,"Washington, D.C.",20216,882,712,2569,True,15308,2
Mon Aug 07 15:58:01 +0000 2017,1,0,312898300,"New York, NY",2350,1567,199,4630,False,7414,2
Mon Oct 30 20:32:42 +0000 2017,9,5,125995973,New York,46976,1759,1031,365,True,19986,2
Mon Oct 23 14:45:04 +0000 2017,0,6,125995973,New York,46976,1759,1031,365,True,19986,2
Thu Jun 05 18:20:54 +0000 2014,0,0,12871852,"New York, NY, USA",784,606,14,17,False,1319,2
Tue Oct 31 16:36:52 +0000 2017,33,16,275686563,New York,2275548,127,33906,1781,True,129874,2
Thu Nov 02 05:00:25 +0000 2017,47,19,16664681,"Los Angeles, CA",3094299,10669,30074,1904,True,182449,2
Thu Nov 02 18:14:06 +0000 2017,2492,726,407261533,"Malibu, CA",1911234,114773,3383,14463,False,34278,2
Sun Oct 29 13:14:03 +0000 2017,26018,8669,407261533,"Malibu, CA",1911234,114773,3383,14463,False,34278,2
Sun Oct 29 03:33:00 +0000 2017,3417,663,407261533,"Malibu, CA",1911234,114773,3383,14463,False,34278,2
Mon Oct 23 22:47:00 +0000 2017,2228,369,407261533,"Malibu, CA",1911234,114773,3383,14463,False,34278,2
Sun Oct 22 02:47:01 +0000 2017,1526,373,407261533,"Malibu, CA",1911234,114773,3383,14463,False,34278,2
Mon Nov 10 20:00:55 +0000 2014,0,2,19405492,"Madison, WI",849,527,23,63,False,97,2
Mon Nov 10 17:43:37 +0000 2014,0,9,19405492,"Madison, WI",849,527,23,63,False,97,2
Tue May 16 17:53:08 +0000 2017,0,690,597581087,Maryland,203,242,0,1160,False,3171,2
Sat Jan 28 21:20:43 +0000 2017,2,1,597581087,Maryland,203,242,0,1160,False,3171,2
Mon Jan 23 19:57:32 +0000 2017,1,1,597581087,Maryland,203,242,0,1160,False,3171,2
Mon Oct 16 01:56:48 +0000 2017,0,17,14976425,South Dakota (Black Hills),14565,187,370,118,False,10865,2
Thu May 18 23:47:21 +0000 2017,37,28,341118458,"Washington, D.C.",23175,597,527,164,False,815,2
Sun Oct 08 14:34:00 +0000 2017,0,0,50348086,New York,880,1677,65,706,False,5891,2
Thu Aug 03 15:31:39 +0000 2017,0,79,959536537,"Manistee, MI",377,294,0,3418,False,5076,2
Thu Jul 27 15:18:52 +0000 2017,0,557,959536537,"Manistee, MI",377,294,0,3418,False,5076,2
Wed Jul 19 17:44:43 +0000 2017,0,2378,959536537,"Manistee, MI",377,294,0,3418,False,5076,2
Tue Jul 18 04:50:41 +0000 2017,0,425,959536537,"Manistee, MI",377,294,0,3418,False,5076,2
Sun Jul 09 23:41:25 +0000 2017,0,207,959536537,"Manistee, MI",377,294,0,3418,False,5076,2
Wed Jun 14 04:05:48 +0000 2017,0,33799,959536537,"Manistee, MI",377,294,0,3418,False,5076,2
Sat Sep 23 16:47:31 +0000 2017,0,0,883678904,"Clarksville, TN",859,758,11,7019,False,4013,2
Thu Aug 03 18:55:24 +0000 2017,0,1735,883678904,"Clarksville, TN",859,758,11,7019,False,4013,2
Thu Jul 06 18:42:36 +0000 2017,0,0,883678904,"Clarksville, TN",859,758,11,7019,False,4013,2
Sat Mar 25 16:21:30 +0000 2017,1,0,883678904,"Clarksville, TN",859,758,11,7019,False,4013,2
Sat Jan 07 03:15:14 +0000 2017,0,109394,883678904,"Clarksville, TN",859,758,11,7019,False,4013,2
Fri Dec 30 03:34:52 +0000 2016,0,0,883678904,"Clarksville, TN",859,758,11,7019,False,4013,2
Thu Dec 29 01:00:23 +0000 2016,0,0,883678904,"Clarksville, TN",859,758,11,7019,False,4013,2
Tue Feb 14 19:50:06 +0000 2017,1270,173,327019649,"Los Angeles, CA",1408798,253,1614,265,True,2130,2
Tue Jun 21 04:47:08 +0000 2016,5,0,470548023,New York City,223,203,0,708,False,1465,2
Fri Oct 27 14:01:34 +0000 2017,0,0,16298415,"Washington, DC",8235,2444,212,436,False,4406,2
Tue Aug 29 15:20:21 +0000 2017,0,0,16298415,"Washington, DC",8235,2444,212,436,False,4406,2
Fri Jul 14 14:01:48 +0000 2017,1,0,16298415,"Washington, DC",8235,2444,212,436,False,4406,2
Fri Oct 13 23:49:19 +0000 2017,0,159,135173872,New York,19177,3000,742,1864,True,7582,2
Mon Feb 27 05:43:11 +0000 2017,0,6089,26513122,NYC.....usually,6454,1162,126,46,False,5804,2
Thu Oct 26 02:17:53 +0000 2017,0,198,128593751,"Phoenix, AZ",7166,177,198,2443,False,12429,2
Sat Oct 21 02:47:56 +0000 2017,0,141,36169584,New York City,4715,340,222,0,True,3962,2
Tue Oct 31 16:57:01 +0000 2017,18,1,48797538,"Washington, DC",20197,321,703,6,False,8537,2
Wed Nov 01 17:49:20 +0000 2017,8,0,11771512,"Washington, DC",46508,2399,1928,16119,True,97896,2
Thu Sep 21 15:19:38 +0000 2017,0,326,16059332,New York,13151,5970,693,6145,True,5629,2
Thu Sep 14 01:06:44 +0000 2017,0,4,16059332,New York,13151,5970,693,6145,True,5629,2
Tue Oct 24 14:12:24 +0000 2017,1,0,16373878,"Santa Monica, CA",39692,1819,1436,2982,True,18063,2
Mon Oct 09 09:31:04 +0000 2017,0,96,210646332,Instagram: @DAVETHEMAC ,201507,80458,446,3191,True,21124,2
Sun Oct 08 13:38:30 +0000 2017,160,96,210646332,Instagram: @DAVETHEMAC ,201507,80458,446,3191,True,21124,2
Sun Aug 13 17:33:51 +0000 2017,56,15,210646332,Instagram: @DAVETHEMAC ,201507,80458,446,3191,True,21124,2
Fri Sep 01 18:20:33 +0000 2017,0,5496,480566008,"New York, NY",5750,470,31,10299,False,13678,2
Wed Jul 19 23:01:07 +0000 2017,0,4,480566008,"New York, NY",5750,470,31,10299,False,13678,2
Mon Jul 10 16:28:38 +0000 2017,0,12,480566008,"New York, NY",5750,470,31,10299,False,13678,2
Sun Jan 15 18:22:09 +0000 2017,0,1,31324769,AFRICA,480,385,12,118,False,4669,2
Sun Jan 15 18:20:45 +0000 2017,0,1,31324769,AFRICA,480,385,12,118,False,4669,2
Tue Nov 01 00:24:32 +0000 2016,0,1,31324769,AFRICA,480,385,12,118,False,4669,2
Tue Nov 01 00:23:52 +0000 2016,0,2,31324769,AFRICA,480,385,12,118,False,4669,2
Tue Nov 01 00:23:44 +0000 2016,0,1,31324769,AFRICA,480,385,12,118,False,4669,2
Mon Oct 23 03:22:58 +0000 2017,0,6,15537855,"Washington, DC",23626,3119,767,778,True,16865,2
Thu Oct 19 04:46:15 +0000 2017,0,50,15537855,"Washington, DC",23626,3119,767,778,True,16865,2
Thu Jul 06 04:14:14 +0000 2017,8,2,862123303934230528,"Ludington, MI",96,164,0,41,False,78,2
Fri Oct 20 03:33:03 +0000 2017,222,55,16908562,"Watkins Glen, NY",103200,8464,2063,3727,True,13278,2
Wed Feb 25 02:42:59 +0000 2015,0,0,259318290,"New Haven, Connecticut",265,44,14,1,False,1024,2
Thu Oct 05 19:56:14 +0000 2017,0,98296,3436099101,"Ludington, MI",318,294,0,3124,False,612,2
Sun Oct 01 12:11:36 +0000 2017,0,19930,3436099101,"Ludington, MI",318,294,0,3124,False,612,2
Sat Jan 07 23:34:59 +0000 2017,0,2,3436099101,"Ludington, MI",318,294,0,3124,False,612,2
Fri Oct 20 15:18:07 +0000 2017,0,27,227418209,New York City,7798,7499,338,1594,True,9438,2
Tue Aug 08 15:44:23 +0000 2017,2,0,227418209,New York City,7798,7499,338,1594,True,9438,2
Tue Aug 01 01:17:16 +0000 2017,3,0,227418209,New York City,7798,7499,338,1594,True,9438,2
Thu Jul 06 07:25:46 +0000 2017,0,29,123470226,"Oakland, CA",4057,3874,172,1180,False,5513,2
Thu Oct 15 13:52:16 +0000 2015,0,6,115272795,"SF Bay Area, CA",602,120,27,230,False,210,2
Tue Oct 24 22:10:42 +0000 2017,0,989,3161619087,"Kentucky, USA",145,529,0,1472,False,780,2
Tue Sep 19 16:19:08 +0000 2017,0,28,3161619087,"Kentucky, USA",145,529,0,1472,False,780,2
Fri Oct 14 18:24:29 +0000 2016,36,33,36106011,New York,2601,387,126,511,False,450,2
Thu Nov 02 17:57:39 +0000 2017,70,80,11744152,"New York, NY",187709,17710,2889,28767,True,63837,2
Wed Nov 01 20:01:38 +0000 2017,0,162,11744152,"New York, NY",187709,17710,2889,28767,True,63837,2
Wed Nov 01 18:01:53 +0000 2017,155,19,11744152,"New York, NY",187709,17710,2889,28767,True,63837,2
Wed Nov 01 17:01:59 +0000 2017,44,20,11744152,"New York, NY",187709,17710,2889,28767,True,63837,2
Wed Nov 01 13:18:20 +0000 2017,0,24,11744152,"New York, NY",187709,17710,2889,28767,True,63837,2
Wed Nov 01 12:24:34 +0000 2017,488,162,11744152,"New York, NY",187709,17710,2889,28767,True,63837,2
Wed Nov 01 02:39:00 +0000 2017,516,64,11744152,"New York, NY",187709,17710,2889,28767,True,63837,2
Sat Oct 14 18:36:32 +0000 2017,32,4,27628334,"Los Angeles, CA",61181,1443,1380,67938,True,9767,2
Wed Oct 11 16:13:01 +0000 2017,2,0,27628334,"Los Angeles, CA",61181,1443,1380,67938,True,9767,2
Tue Jun 13 01:03:44 +0000 2017,0,4,40076262,"Atlanta, GA",823,546,42,881,False,2197,2
Thu Oct 05 16:12:55 +0000 2017,13,0,17199609,"Cleveland, Ohio",247959,47257,408,31723,True,55669,2
Tue Sep 19 16:25:48 +0000 2017,11,1,17199609,"Cleveland, Ohio",247959,47257,408,31723,True,55669,2
Mon Feb 16 02:07:43 +0000 2015,7709,4758,1000262514,"New York, NY",851023,0,6015,157,False,512,2
Tue Jul 16 16:09:23 +0000 2013,677,943,1000262514,"New York, NY",851023,0,6015,157,False,512,2
Fri Mar 22 23:10:20 +0000 2013,752,1080,1000262514,"New York, NY",851023,0,6015,157,False,512,2
Thu Nov 02 18:53:21 +0000 2017,1,0,523192452,Washington,17006,14448,632,46773,False,27389,2
Thu Nov 02 18:45:04 +0000 2017,1,0,523192452,Washington,17006,14448,632,46773,False,27389,2
Thu Nov 02 18:32:01 +0000 2017,1,1,523192452,Washington,17006,14448,632,46773,False,27389,2
Thu Nov 02 18:31:22 +0000 2017,1,1,523192452,Washington,17006,14448,632,46773,False,27389,2
Thu Nov 02 04:30:39 +0000 2017,0,0,523192452,Washington,17006,14448,632,46773,False,27389,2
Thu Nov 02 00:03:02 +0000 2017,1,0,523192452,Washington,17006,14448,632,46773,False,27389,2
Wed Mar 26 16:03:07 +0000 2014,0,0,18058118,"Los Angeles, CA",5363,237,291,0,False,12625,2
Mon Oct 16 17:50:44 +0000 2017,4,1,21251668,"Washington, DC",38043,3990,1116,3282,True,8405,2
Mon Oct 16 17:47:57 +0000 2017,6,2,21251668,"Washington, DC",38043,3990,1116,3282,True,8405,2
Tue Apr 21 23:11:31 +0000 2015,0,1,133306992,"Washington, D.C.",888,313,27,200,False,176,2
Wed Oct 25 18:12:42 +0000 2017,0,85,153882465,California,10927,3768,322,14276,True,13581,2
Fri Apr 24 22:58:30 +0000 2015,0,2,110904158,New York,252,298,14,173,False,233,2
Tue Sep 10 14:03:52 +0000 2013,0,4,110904158,New York,252,298,14,173,False,233,2
Wed Jul 12 16:17:01 +0000 2017,0,3,613427224,"Washington, DC",3082,1692,140,1041,False,5146,2
Fri Jun 16 17:45:17 +0000 2017,1,2,613427224,"Washington, DC",3082,1692,140,1041,False,5146,2
Sat Jun 24 00:39:31 +0000 2017,0,1936,18037154,"San Francisco, CA",5820,766,537,1414,True,4225,2
Tue Jun 21 02:21:49 +0000 2016,0,4600,2584355636,"Easton, MD",370,238,1,1158,False,248,2
Sun May 15 00:14:30 +0000 2016,0,290,2584355636,"Easton, MD",370,238,1,1158,False,248,2
Tue Oct 10 14:53:02 +0000 2017,11,5,1702134540,"Washington, D.C.",11053,1278,463,434,False,4918,2
Mon Dec 02 13:18:18 +0000 2013,0,0,631325344,"Lansing,MI",178,408,2,18,False,510,2
Thu Nov 02 04:30:34 +0000 2017,1,0,4770206056,"Michigan, USA",258,165,0,6246,False,3511,2
Mon Oct 23 22:25:39 +0000 2017,0,56390,4770206056,"Michigan, USA",258,165,0,6246,False,3511,2
Tue Oct 03 18:25:57 +0000 2017,0,1045,4770206056,"Michigan, USA",258,165,0,6246,False,3511,2
Tue Oct 10 19:13:23 +0000 2017,0,0,45643296,"Los Angeles, CA",20406,340,889,2848,True,29989,2
Sun Oct 15 13:40:34 +0000 2017,0,14,37605443,Washington DC,24767,429,791,3669,True,683,2
Fri Oct 13 12:58:45 +0000 2017,0,7,38048560,"Washington, D.C.",48080,21161,1250,4856,True,8843,2
Wed Oct 11 21:09:17 +0000 2017,0,38,437625094,"Washington, DC",9795,2331,306,1158,True,9588,2
Sun Apr 24 14:39:43 +0000 2016,2,1,35234909,"Cambridge, MA",321,188,21,85,False,172,2
Thu Jun 23 18:58:47 +0000 2016,0,1,245515069,"Ann Arbor, MI",2237,692,30,70,False,978,2
Tue Oct 31 23:48:23 +0000 2017,0,1469,6742522,"San Francisco, CA",21744,14073,1241,3381,True,69137,2
Fri May 12 14:30:30 +0000 2017,20,1,17869798,"Washington, DC",13140,1357,537,752,True,3040,2
Mon Oct 16 17:24:35 +0000 2017,0,804,809503957,Ludington MI,370,288,0,5616,False,1689,2
Mon Oct 02 10:45:12 +0000 2017,2,1,28145010,"Cleveland, OH",41823,78,1162,12,True,4493,2
Wed Sep 27 12:25:11 +0000 2017,3,5,28145010,"Cleveland, OH",41823,78,1162,12,True,4493,2
Thu Nov 02 00:40:29 +0000 2017,10,2,352526493,"West Palm Beach, FL",112721,84748,1430,28676,False,64686,2
Fri Jul 21 20:14:44 +0000 2017,7814,1470,100220864,"Los Angeles, CA",36703804,109,37253,176,True,4057,2
Thu Nov 02 08:21:58 +0000 2017,39,52,17839398,New York,233226,887,4681,1,True,52693,2
Mon Oct 23 13:26:34 +0000 2017,2,1,14476328,"New York, NY",11901,949,592,3198,True,10413,2
Tue Oct 31 21:00:02 +0000 2017,56,9,27368199,"Silver Spring, MD",1769462,672,5208,91,True,26414,2
Mon Oct 30 14:00:03 +0000 2017,256,85,27368199,"Silver Spring, MD",1769462,672,5208,91,True,26414,2
Thu Nov 02 16:32:01 +0000 2017,4,1,18061792,"New York, NY",158671,1662,1686,7654,True,106380,2
Tue Oct 31 21:45:00 +0000 2017,5,2,18061792,"New York, NY",158671,1662,1686,7654,True,106380,2
Mon Oct 16 18:40:58 +0000 2017,3,1,1055055907,"Seattle, WA",773,1462,39,242,False,1917,2
Thu Sep 07 02:58:18 +0000 2017,0,2512,607652015,"Ludington, MI",820,754,0,14992,False,2662,2
Wed Aug 02 03:50:19 +0000 2017,22,3,607652015,"Ludington, MI",820,754,0,14992,False,2662,2
Tue Jun 27 02:56:47 +0000 2017,0,646,607652015,"Ludington, MI",820,754,0,14992,False,2662,2
Wed Jun 14 23:18:37 +0000 2017,0,1767,607652015,"Ludington, MI",820,754,0,14992,False,2662,2
Sun Apr 02 22:50:03 +0000 2017,0,2,25153138,"Arizona, USA",3681,4175,70,638,False,14741,2
Sat Dec 17 02:41:13 +0000 2016,0,34,166403365,Atlanta/California /New York,472,488,12,17,False,2739,2
Sun Jul 02 22:36:00 +0000 2017,0,1,868944560,"East Lansing, MI",373,218,1,3603,False,2406,2
Sat Apr 22 16:35:59 +0000 2017,0,1,868944560,"East Lansing, MI",373,218,1,3603,False,2406,2
Thu Sep 28 17:56:37 +0000 2017,7,12,79320096,"New York, NY",911610,302,2962,1881,True,14699,2
Wed Jul 12 21:35:02 +0000 2017,3,1,42267429,New York City,61579,1443,888,3682,True,2175,2
Mon Apr 24 13:53:06 +0000 2017,24,2,42267429,New York City,61579,1443,888,3682,True,2175,2
Wed Nov 09 17:28:11 +0000 2016,284,30,42267429,New York City,61579,1443,888,3682,True,2175,2
Wed Aug 03 00:44:02 +0000 2016,0,13119,747503056925900801,"Kansas City, MO",81,126,0,197,False,63,2
Wed Aug 16 15:56:57 +0000 2017,0,0,90948082,"Sandy, UT",47970,550,86,2,False,253,2
Sat Aug 05 23:25:33 +0000 2017,0,0,90948082,"Sandy, UT",47970,550,86,2,False,253,2
Sat Aug 05 23:24:43 +0000 2017,0,0,90948082,"Sandy, UT",47970,550,86,2,False,253,2
Thu Jul 27 01:53:25 +0000 2017,0,0,90948082,"Sandy, UT",47970,550,86,2,False,253,2
Thu Jul 27 00:42:17 +0000 2017,0,0,90948082,"Sandy, UT",47970,550,86,2,False,253,2
Thu Jul 27 00:31:00 +0000 2017,0,0,90948082,"Sandy, UT",47970,550,86,2,False,253,2
Tue Jun 27 16:28:22 +0000 2017,0,0,90948082,"Sandy, UT",47970,550,86,2,False,253,2
Thu May 11 16:37:02 +0000 2017,0,0,90948082,"Sandy, UT",47970,550,86,2,False,253,2
Sat Dec 03 22:31:43 +0000 2016,2,0,90948082,"Sandy, UT",47970,550,86,2,False,253,2
Wed Apr 20 02:15:00 +0000 2016,14,0,90948082,"Sandy, UT",47970,550,86,2,False,253,2
Sun Oct 18 09:30:27 +0000 2015,1,0,90948082,"Sandy, UT",47970,550,86,2,False,253,2
Sat Mar 29 03:18:55 +0000 2014,2,0,90948082,"Sandy, UT",47970,550,86,2,False,253,2
Thu Nov 21 02:52:24 +0000 2013,0,1,90948082,"Sandy, UT",47970,550,86,2,False,253,2
Sun Nov 17 01:40:33 +0000 2013,0,0,90948082,"Sandy, UT",47970,550,86,2,False,253,2
Fri Sep 20 05:10:36 +0000 2013,0,0,90948082,"Sandy, UT",47970,550,86,2,False,253,2
Fri Sep 20 05:05:26 +0000 2013,0,0,90948082,"Sandy, UT",47970,550,86,2,False,253,2
Thu Sep 19 05:39:26 +0000 2013,0,0,90948082,"Sandy, UT",47970,550,86,2,False,253,2
Wed Sep 04 07:38:50 +0000 2013,0,1,90948082,"Sandy, UT",47970,550,86,2,False,253,2
Wed Sep 04 07:29:52 +0000 2013,0,0,90948082,"Sandy, UT",47970,550,86,2,False,253,2
Wed Sep 04 07:13:20 +0000 2013,0,0,90948082,"Sandy, UT",47970,550,86,2,False,253,2
Wed Sep 04 06:41:48 +0000 2013,0,0,90948082,"Sandy, UT",47970,550,86,2,False,253,2
Wed Sep 04 06:30:03 +0000 2013,0,0,90948082,"Sandy, UT",47970,550,86,2,False,253,2
Wed Sep 04 06:29:57 +0000 2013,0,0,90948082,"Sandy, UT",47970,550,86,2,False,253,2
Wed Sep 04 06:29:52 +0000 2013,0,0,90948082,"Sandy, UT",47970,550,86,2,False,253,2
Wed Sep 04 06:27:40 +0000 2013,0,0,90948082,"Sandy, UT",47970,550,86,2,False,253,2
Wed Sep 04 06:27:29 +0000 2013,0,0,90948082,"Sandy, UT",47970,550,86,2,False,253,2
Wed Sep 04 06:27:20 +0000 2013,0,0,90948082,"Sandy, UT",47970,550,86,2,False,253,2
Wed Sep 04 06:27:13 +0000 2013,0,0,90948082,"Sandy, UT",47970,550,86,2,False,253,2
Wed Sep 04 06:27:05 +0000 2013,0,0,90948082,"Sandy, UT",47970,550,86,2,False,253,2
Wed Sep 04 06:25:52 +0000 2013,0,0,90948082,"Sandy, UT",47970,550,86,2,False,253,2
Wed Sep 04 06:25:49 +0000 2013,0,0,90948082,"Sandy, UT",47970,550,86,2,False,253,2
Wed Sep 04 06:25:41 +0000 2013,0,0,90948082,"Sandy, UT",47970,550,86,2,False,253,2
Wed Sep 04 06:25:03 +0000 2013,0,0,90948082,"Sandy, UT",47970,550,86,2,False,253,2
Wed Sep 04 06:25:02 +0000 2013,0,0,90948082,"Sandy, UT",47970,550,86,2,False,253,2
Wed Sep 04 06:24:54 +0000 2013,0,1,90948082,"Sandy, UT",47970,550,86,2,False,253,2
Wed Jul 31 07:33:49 +0000 2013,0,0,90948082,"Sandy, UT",47970,550,86,2,False,253,2
Thu May 23 17:42:27 +0000 2013,0,0,90948082,"Sandy, UT",47970,550,86,2,False,253,2
Sat May 11 06:52:20 +0000 2013,0,0,90948082,"Sandy, UT",47970,550,86,2,False,253,2
Tue May 07 06:32:15 +0000 2013,0,0,90948082,"Sandy, UT",47970,550,86,2,False,253,2
Wed Apr 03 16:20:29 +0000 2013,0,0,90948082,"Sandy, UT",47970,550,86,2,False,253,2
Tue Apr 02 05:59:05 +0000 2013,0,1,90948082,"Sandy, UT",47970,550,86,2,False,253,2
Tue Oct 23 16:51:11 +0000 2012,0,0,90948082,"Sandy, UT",47970,550,86,2,False,253,2
Tue Oct 16 18:50:49 +0000 2012,0,0,90948082,"Sandy, UT",47970,550,86,2,False,253,2
Thu Oct 04 03:47:52 +0000 2012,0,0,90948082,"Sandy, UT",47970,550,86,2,False,253,2
Fri Aug 17 02:48:46 +0000 2012,0,0,90948082,"Sandy, UT",47970,550,86,2,False,253,2
Sat Jul 14 04:01:45 +0000 2012,0,0,90948082,"Sandy, UT",47970,550,86,2,False,253,2
Sat May 26 17:17:48 +0000 2012,0,0,90948082,"Sandy, UT",47970,550,86,2,False,253,2
Sat Apr 28 04:32:56 +0000 2012,0,0,90948082,"Sandy, UT",47970,550,86,2,False,253,2
Sat Apr 28 04:31:41 +0000 2012,0,0,90948082,"Sandy, UT",47970,550,86,2,False,253,2
Wed Apr 25 21:52:12 +0000 2012,0,0,90948082,"Sandy, UT",47970,550,86,2,False,253,2
Sat Mar 17 06:39:06 +0000 2012,0,0,90948082,"Sandy, UT",47970,550,86,2,False,253,2
Wed Nov 30 06:53:43 +0000 2011,0,8,90948082,"Sandy, UT",47970,550,86,2,False,253,2
Thu Oct 26 21:45:24 +0000 2017,3228,678,22771961,"Washington, DC ",449748,2969,5341,4599,True,27524,2
Fri Jan 10 21:23:25 +0000 2014,0,81,621213380,"Venice, CA",1247,309,56,94,False,309,2
Wed Jan 01 20:57:23 +0000 2014,0,6,621213380,"Venice, CA",1247,309,56,94,False,309,2
Mon Oct 30 01:17:00 +0000 2017,296,295,22642788,"Washington, DC",339684,82,12565,137,True,56773,2
Sat Oct 28 10:07:14 +0000 2017,91,109,22642788,"Washington, DC",339684,82,12565,137,True,56773,2
Thu Oct 26 14:13:33 +0000 2017,20,6,567360618,"Cambridge, MA",243958,361,4900,5386,True,7446,2
Wed Jul 12 19:46:57 +0000 2017,0,11,61585965,"Washington, D.C.",5224,2901,156,1198,False,7204,2
Wed Oct 18 18:07:16 +0000 2017,0,1177,757303975,"New York, NY",2049585,528,9142,3150,True,9507,2
Tue Apr 18 22:01:48 +0000 2017,9,0,1535376157,"Dallas, TX",794,1241,44,4660,False,1181,2
Tue Sep 05 00:31:53 +0000 2017,276,24,82687751,"Austin, Texas",103428,886,1605,33172,True,25862,2
Mon Oct 31 16:12:23 +0000 2016,6,6,278093318,"New York, NY",96822,1580,1569,14637,True,63016,2
Mon Oct 31 15:18:13 +0000 2016,0,9,278093318,"New York, NY",96822,1580,1569,14637,True,63016,2
Fri Oct 20 00:18:57 +0000 2017,0,65,152375635,"New Orleans, LA",2645,966,7,23363,False,37048,2
Thu Oct 12 18:08:52 +0000 2017,0,0,152375635,"New Orleans, LA",2645,966,7,23363,False,37048,2
Thu Mar 31 00:50:13 +0000 2016,0,174,28207925,"Fort Worth, Texas",320,1006,18,139,False,653,2
Thu Feb 25 16:38:46 +0000 2016,1,0,771648,"Franklin, TN",13415,2553,1192,2119,False,25463,2
Sun Oct 29 00:32:57 +0000 2017,0,15725,214622133,Indiana -- Brooklyn -- Wakanda,107269,1345,1396,16029,True,104009,2
Tue Sep 26 14:20:09 +0000 2017,0,66,18903194,"Washington, DC",2701,2044,87,1614,False,5891,2
Wed Jul 05 11:41:30 +0000 2017,0,11,18903194,"Washington, DC",2701,2044,87,1614,False,5891,2
Tue Jul 04 02:11:13 +0000 2017,1,0,16371887,"Washington, DC",18195,1279,882,51626,True,20881,2
Wed Sep 20 10:13:15 +0000 2017,505,182,16581604,New York City,2097079,427,11580,440,True,10022,2
Mon Sep 18 01:01:12 +0000 2017,0,455,584147918,"Los Angeles, CA",520,235,5,16170,False,6754,2
Tue Oct 17 20:29:41 +0000 2017,2,0,62847380,"Atlanta, GA",1410,578,74,13495,False,15215,2
Wed Oct 11 21:27:35 +0000 2017,3,1,62847380,"Atlanta, GA",1410,578,74,13495,False,15215,2
Wed Nov 01 17:00:06 +0000 2017,13,4,21769127,"New York, NY",553458,15575,5173,20296,True,62535,2
Sat Feb 25 21:42:24 +0000 2017,0,0,11449312,"South Portland, ME",2735,663,120,62,False,2883,2
Tue Feb 02 01:30:11 +0000 2016,1,0,2905958627,"Los Angeles, CA",7699,10337,31,15,False,2335,2
Sun Jan 31 02:31:15 +0000 2016,0,0,2905958627,"Los Angeles, CA",7699,10337,31,15,False,2335,2
Sun Jan 31 00:30:11 +0000 2016,1,0,2905958627,"Los Angeles, CA",7699,10337,31,15,False,2335,2
Sat Jan 30 18:30:16 +0000 2016,1,2,2905958627,"Los Angeles, CA",7699,10337,31,15,False,2335,2
Tue Jan 26 19:33:14 +0000 2016,0,1,2905958627,"Los Angeles, CA",7699,10337,31,15,False,2335,2
Tue Jan 26 02:30:01 +0000 2016,0,0,2905958627,"Los Angeles, CA",7699,10337,31,15,False,2335,2
Mon Jan 25 19:31:41 +0000 2016,0,0,2905958627,"Los Angeles, CA",7699,10337,31,15,False,2335,2
Sat Jan 23 19:30:08 +0000 2016,0,0,2905958627,"Los Angeles, CA",7699,10337,31,15,False,2335,2
Tue Jan 19 17:30:26 +0000 2016,0,0,2905958627,"Los Angeles, CA",7699,10337,31,15,False,2335,2
Sat Jan 16 22:30:11 +0000 2016,0,0,2905958627,"Los Angeles, CA",7699,10337,31,15,False,2335,2
Sat Jan 16 18:30:22 +0000 2016,0,0,2905958627,"Los Angeles, CA",7699,10337,31,15,False,2335,2
Sat Jan 16 01:30:20 +0000 2016,0,0,2905958627,"Los Angeles, CA",7699,10337,31,15,False,2335,2
Fri Jan 15 22:30:18 +0000 2016,0,0,2905958627,"Los Angeles, CA",7699,10337,31,15,False,2335,2
Thu Jan 14 19:30:29 +0000 2016,0,1,2905958627,"Los Angeles, CA",7699,10337,31,15,False,2335,2
Sat Oct 21 20:27:07 +0000 2017,0,1,15607662,"Oakland, CA",2299,1040,109,2376,False,2228,2
Tue Aug 29 14:39:41 +0000 2017,2,1,15607662,"Oakland, CA",2299,1040,109,2376,False,2228,2
Wed Aug 31 14:40:54 +0000 2016,0,985,3297236735,"Ludington, MI",176,141,0,2144,False,93,2
Fri Oct 27 13:08:06 +0000 2017,108,23,18812301,"New York, NY",1798235,3181,12622,4750,True,32306,2
Wed Nov 01 18:30:47 +0000 2017,11,43,7309052,New York City,1130880,2379,14422,309,True,166036,2
Mon Oct 30 18:20:18 +0000 2017,5,9,7309052,New York City,1130880,2379,14422,309,True,166036,2
Thu Jun 02 23:45:43 +0000 2016,0,3,2296745204,"Ludington, MI",373,331,1,3067,False,72,2
Thu Nov 02 05:03:01 +0000 2017,16,5,1344951,San Francisco/New York,9759438,310,90184,1740,True,84385,2
Wed Nov 01 21:05:46 +0000 2017,22,7,1344951,San Francisco/New York,9759438,310,90184,1740,True,84385,2
Fri Oct 17 00:09:55 +0000 2014,5,3,17884891,"Boston, MA",698,325,31,1807,False,419,2
Sun Sep 24 20:38:52 +0000 2017,7421,363,16874875,"Austin, Texas",178774,449,1295,1799,True,15983,2
Fri May 12 16:40:21 +0000 2017,0,0,25533258,"Denver, Colorado",985,436,56,78,False,700,2
Sat Apr 01 14:01:11 +0000 2017,0,0,25533258,"Denver, Colorado",985,436,56,78,False,700,2
Mon Dec 01 21:20:25 +0000 2014,0,0,25533258,"Denver, Colorado",985,436,56,78,False,700,2
Tue Sep 12 23:04:01 +0000 2017,0,1,1566007854,"Cincinnati, OH",2894,1003,75,639,False,2526,2
Sat Aug 12 21:57:01 +0000 2017,0,2,1566007854,"Cincinnati, OH",2894,1003,75,639,False,2526,2
Sat May 20 17:12:51 +0000 2017,0,3,1566007854,"Cincinnati, OH",2894,1003,75,639,False,2526,2
Sun Aug 06 03:31:34 +0000 2017,0,2,968665729,"Maryland, USA",817,1333,1,9870,False,6067,2
Fri Oct 20 18:13:41 +0000 2017,23,0,2344563715,"Freeport, TX",62960,469,245,7205,False,6461,2
Fri Dec 16 19:32:47 +0000 2016,2,0,72667138,"New York, NY",4259,153,228,16,False,1714,2
Tue Oct 31 06:20:43 +0000 2017,0,2,156768711,"Washington, D.C.",19100,4860,647,3005,True,17047,2
Mon Sep 25 19:19:10 +0000 2017,0,1,156768711,"Washington, D.C.",19100,4860,647,3005,True,17047,2
Sat May 06 18:45:28 +0000 2017,163,83,19139193,"New York, NY",552934,524,4811,10035,True,29330,2
Tue Oct 31 17:13:29 +0000 2017,2,0,6825792,"Atlanta, GA",98142,4398,2229,35289,True,68290,2
Thu Nov 02 18:07:02 +0000 2017,0,3263,171337448,Minnesota,1702867,509540,3176,69120,True,96727,2
Tue Oct 31 16:43:03 +0000 2017,0,1808,21696279,"Washington, DC",84916,775,2682,7375,True,104472,2
Mon Oct 30 04:33:11 +0000 2017,0,10,29036076,"Bronx, New York",1482733,26,3329,89,True,3720,2
Tue Oct 03 16:20:34 +0000 2017,0,18650,712069153587384320,"Ludington, MI",212,173,0,1686,False,1662,2
Sun Sep 17 03:39:30 +0000 2017,9,0,712069153587384320,"Ludington, MI",212,173,0,1686,False,1662,2
Wed Sep 13 16:28:21 +0000 2017,0,35469,712069153587384320,"Ludington, MI",212,173,0,1686,False,1662,2
